horizon,target_window_start,source_horizon,target_real_flow_count,generated_flow_count,actual_flow_count,extension_mode
1,1313746380.0,1,76,77,77,observed_v3_for_first_3; shifted_cyclic_replay_after_3
2,1313746440.0,2,74,74,74,observed_v3_for_first_3; shifted_cyclic_replay_after_3
3,1313746500.0,3,46,46,46,observed_v3_for_first_3; shifted_cyclic_replay_after_3
4,1313746560.0,1,76,77,77,observed_v3_for_first_3; shifted_cyclic_replay_after_3
5,1313746620.0,2,74,74,74,observed_v3_for_first_3; shifted_cyclic_replay_after_3
6,1313746680.0,3,46,46,46,observed_v3_for_first_3; shifted_cyclic_replay_after_3
7,1313746740.0,1,76,77,77,observed_v3_for_first_3; shifted_cyclic_replay_after_3
8,1313746800.0,2,74,74,74,observed_v3_for_first_3; shifted_cyclic_replay_after_3
9,1313746860.0,3,46,46,46,observed_v3_for_first_3; shifted_cyclic_replay_after_3
10,1313746920.0,1,76,77,77,observed_v3_for_first_3; shifted_cyclic_replay_after_3
