配对编号,时间片编号,目标数据包数,目标总帧长度（字节）
pair_001,0,1862,1664915
pair_001,1,1211,1081085
pair_001,2,940,852697
pair_001,3,2198,2229640
pair_001,4,2177,2192781
pair_001,5,2507,2604549
pair_002,0,35,33415
pair_002,1,18,15732
pair_002,2,0,0
pair_002,3,0,0
pair_002,4,0,0
pair_002,5,0,0
pair_002,6,5,4483
pair_002,7,0,0
pair_002,8,0,0
pair_002,9,9,8883
pair_002,10,12,11166
pair_002,11,0,0
pair_002,12,5,4483
pair_002,13,26,24532
pair_002,14,0,0
pair_002,15,0,0
pair_002,16,0,0
pair_002,17,9,8883
pair_002,18,8,6770
pair_002,19,2,2196
pair_002,20,0,0
pair_002,21,0,0
pair_002,22,0,0
pair_002,23,0,0
pair_002,24,0,0
pair_002,25,0,0
pair_002,26,12,11166
pair_002,27,17,15649
pair_002,28,9,8883
pair_002,29,10,8966
pair_002,30,0,0
pair_002,31,0,0
pair_002,32,0,0
pair_002,33,0,0
pair_002,34,12,11166
pair_002,35,17,15649
pair_002,36,0,0
pair_002,37,0,0
pair_002,38,0,0
pair_002,39,9,8883
pair_002,40,10,8966
pair_002,41,0,0
pair_002,42,0,0
pair_002,43,21,20049
pair_002,44,8,6766
pair_002,45,0,0
pair_002,46,0,0
pair_002,47,0,0
pair_002,48,0,0
pair_002,49,0,0
pair_002,50,0,0
pair_002,51,0,0
pair_002,52,9,8883
pair_002,53,38,35698
pair_002,54,0,0
pair_002,55,0,0
pair_002,56,0,0
pair_002,57,0,0
pair_002,58,0,0
pair_002,59,0,0
pair_002,60,0,0
pair_002,61,0,0
pair_002,62,0,0
pair_002,63,0,0
pair_002,64,29,26815
pair_002,65,0,0
pair_002,66,9,8883
pair_002,67,10,8966
pair_002,68,0,0
pair_002,69,0,0
pair_002,70,0,0
pair_002,71,0,0
pair_002,72,0,0
pair_002,73,0,0
pair_002,74,0,0
pair_002,75,0,0
pair_002,76,29,26815
pair_002,77,0,0
pair_002,78,0,0
pair_002,79,0,0
pair_002,80,0,0
pair_002,81,9,8883
pair_002,82,10,8966
pair_002,83,0,0
pair_002,84,0,0
pair_002,85,0,0
pair_002,86,0,0
pair_002,87,0,0
pair_002,88,10,8966
pair_002,89,24,22332
pair_002,90,10,8966
pair_002,91,0,0
pair_002,92,0,0
pair_002,93,0,0
pair_002,94,0,0
pair_002,95,0,0
pair_002,96,0,0
pair_002,97,0,0
pair_002,98,8,6778
pair_002,99,9,8871
pair_002,100,0,0
pair_002,101,0,0
pair_002,102,7,6683
pair_002,103,17,15649
pair_002,104,0,0
pair_002,105,0,0
pair_002,106,0,0
pair_002,107,7,6683
pair_002,108,7,6683
pair_002,109,3,2283
pair_002,110,0,0
pair_002,111,0,0
pair_002,112,0,0
pair_002,113,0,0
pair_002,114,0,0
pair_002,115,0,0
pair_002,116,0,0
pair_002,117,7,6683
pair_002,118,24,22332
pair_002,119,10,8966
pair_002,120,0,0
pair_002,121,0,0
pair_002,122,0,0
pair_002,123,0,0
pair_002,124,0,0
pair_002,125,7,6683
pair_002,126,17,15649
pair_002,127,0,0
pair_002,128,0,0
pair_002,129,0,0
pair_002,130,7,6683
pair_002,131,10,8966
pair_002,132,0,0
pair_002,133,0,0
pair_002,134,14,13366
pair_002,135,10,8966
pair_002,136,0,0
pair_002,137,0,0
pair_002,138,0,0
pair_002,139,0,0
pair_002,140,0,0
pair_002,141,0,0
pair_002,142,0,0
pair_002,143,7,6683
pair_002,144,23,22249
pair_002,145,10,8966
pair_002,146,0,0
pair_002,147,0,0
pair_002,148,0,0
pair_002,149,0,0
pair_002,150,0,0
pair_002,151,0,0
pair_002,152,0,0
pair_002,153,0,0
pair_002,154,0,0
pair_002,155,22,20132
pair_002,156,3,2283
pair_002,157,7,6683
pair_002,158,10,8966
pair_002,159,0,0
pair_002,160,0,0
pair_002,161,0,0
pair_002,162,0,0
pair_002,163,0,0
pair_002,164,0,0
pair_002,165,0,0
pair_002,166,0,0
pair_002,167,25,22415
pair_002,168,0,0
pair_002,169,0,0
pair_002,170,0,0
pair_002,171,0,0
pair_002,172,7,6683
pair_002,173,10,8966
pair_002,174,0,0
pair_002,175,0,0
pair_002,176,0,0
pair_002,177,0,0
pair_002,178,0,0
pair_002,179,0,0
pair_002,180,31,29015
pair_002,181,10,8966
pair_002,182,0,0
pair_002,183,0,0
pair_002,184,0,0
pair_002,185,0,0
pair_002,186,0,0
pair_002,187,0,0
pair_002,188,0,0
pair_002,189,19,17849
pair_002,190,10,8966
pair_002,191,0,0
pair_002,192,0,0
pair_002,193,0,0
pair_002,194,24,22332
pair_002,195,0,0
pair_002,196,0,0
pair_002,197,14,13366
pair_002,198,0,0
pair_002,199,3,2283
pair_002,200,10,8966
pair_002,201,0,0
pair_002,202,0,0
pair_002,203,0,0
pair_002,204,0,0
pair_002,205,0,0
pair_002,206,14,13366
pair_002,207,0,0
pair_002,208,3,2283
pair_002,209,24,22332
pair_002,210,7,6683
pair_002,211,3,2283
pair_002,212,0,0
pair_002,213,0,0
pair_002,214,0,0
pair_002,215,0,0
pair_002,216,17,15649
pair_002,217,21,20049
pair_002,218,0,0
pair_002,219,0,0
pair_002,220,0,0
pair_002,221,3,2283
pair_002,222,10,8966
pair_002,223,0,0
pair_002,224,0,0
pair_002,225,3,2283
pair_002,226,21,20049
pair_002,227,14,13366
pair_002,228,0,0
pair_002,229,0,0
pair_002,230,0,0
pair_002,231,0,0
pair_002,232,0,0
pair_002,233,0,0
pair_002,234,3,2283
pair_002,235,17,15649
pair_002,236,16,15566
pair_002,237,0,0
pair_002,238,0,0
pair_002,239,14,13366
pair_002,240,0,0
pair_002,241,0,0
pair_002,242,0,0
pair_002,243,0,0
pair_002,244,0,0
pair_002,245,0,0
pair_002,246,8,6766
pair_002,247,16,15566
pair_002,248,3,2283
pair_002,249,15,13449
pair_002,250,0,0
pair_002,251,12,11166
pair_002,252,0,0
pair_002,253,0,0
pair_002,254,0,0
pair_002,255,0,0
pair_002,256,0,0
pair_002,257,23,22249
pair_002,258,14,13366
pair_002,259,0,0
pair_002,260,0,0
pair_002,261,0,0
pair_002,262,3,2283
pair_002,263,8,6766
pair_002,264,14,13366
pair_002,265,14,13366
pair_002,266,0,0
pair_002,267,0,0
pair_002,268,0,0
pair_002,269,3,2283
pair_002,270,19,17849
pair_002,271,3,2283
pair_002,272,0,0
pair_002,273,18,17766
pair_002,274,0,0
pair_002,275,5,4483
pair_002,276,0,0
pair_002,277,0,0
pair_002,278,8,6766
pair_002,279,8,6766
pair_002,280,0,0
pair_002,281,0,0
pair_002,282,0,0
pair_002,283,32,31132
pair_002,284,0,0
pair_002,285,5,4483
pair_002,286,5,4483
pair_002,287,0,0
pair_002,288,5,4483
pair_002,289,3,2283
pair_002,290,0,0
pair_002,291,0,0
pair_002,292,0,0
pair_002,293,16,15566
pair_002,294,5,4483
pair_002,295,0,0
pair_002,296,5,4483
pair_002,297,9,8883
pair_002,298,5,4483
pair_002,299,8,6766
pair_002,300,0,0
pair_002,301,0,0
pair_002,302,0,0
pair_002,303,0,0
pair_002,304,5,4483
pair_002,305,30,28932
pair_002,306,0,0
pair_002,307,0,0
pair_002,308,0,0
pair_002,309,5,4483
pair_002,310,0,0
pair_002,311,8,6766
pair_002,312,0,0
pair_002,313,0,0
pair_002,314,14,13366
pair_002,315,5,4483
pair_002,316,0,0
pair_002,317,16,15566
pair_002,318,0,0
pair_002,319,0,0
pair_002,320,0,0
pair_002,321,0,0
pair_002,322,3,2283
pair_002,323,8,6766
pair_002,324,12,11166
pair_002,325,0,0
pair_002,326,5,4483
pair_002,327,0,0
pair_002,328,0,0
pair_002,329,0,0
pair_002,330,0,0
pair_002,331,16,15566
pair_002,332,0,0
pair_002,333,0,0
pair_002,334,0,0
pair_002,335,12,11166
pair_002,336,0,0
pair_002,337,10,8966
pair_002,338,0,0
pair_002,339,5,4483
pair_002,340,0,0
pair_002,341,0,0
pair_002,342,0,0
pair_002,343,0,0
pair_002,344,0,0
pair_002,345,3,2283
pair_002,346,55,53381
pair_002,347,0,0
pair_002,348,0,0
pair_002,349,0,0
pair_002,350,0,0
pair_002,351,8,6766
pair_002,352,5,4483
pair_002,353,36,35532
pair_002,354,0,0
pair_002,355,0,0
pair_002,356,0,0
pair_002,357,0,0
pair_002,358,12,11166
pair_002,359,0,0
pair_002,360,0,0
pair_002,361,18,17766
pair_002,362,18,17766
pair_002,363,0,0
pair_002,364,0,0
pair_002,365,3,2283
pair_002,366,0,0
pair_002,367,0,0
pair_002,368,0,0
pair_002,369,0,0
pair_002,370,12,11166
pair_002,371,30,28932
pair_002,372,3,2283
pair_002,373,0,0
pair_002,374,0,0
pair_002,375,0,0
pair_002,376,0,0
pair_002,377,0,0
pair_002,378,0,0
pair_002,379,0,0
pair_002,380,0,0
pair_002,381,38,35698
pair_002,382,0,0
pair_002,383,0,0
pair_002,384,0,0
pair_002,385,8,6766
pair_002,386,0,0
pair_002,387,0,0
pair_002,388,0,0
pair_002,389,0,0
pair_002,390,0,0
pair_002,391,3,2283
pair_002,392,44,42298
pair_002,393,7,6683
pair_002,394,0,0
pair_002,395,0,0
pair_002,396,0,0
pair_002,397,0,0
pair_002,398,0,0
pair_002,399,0,0
pair_002,400,24,22332
pair_002,401,26,24532
pair_002,402,0,0
pair_002,403,0,0
pair_002,404,3,2283
pair_002,405,27,26649
pair_002,406,0,0
pair_002,407,0,0
pair_002,408,34,33332
pair_002,409,0,0
pair_002,410,3,2283
pair_002,411,0,0
pair_002,412,0,0
pair_002,413,0,0
pair_002,414,0,0
pair_002,415,0,0
pair_002,416,34,33332
pair_002,417,0,0
pair_002,418,23,22249
pair_002,419,0,0
pair_002,420,3,2283
pair_002,421,0,0
pair_002,422,0,0
pair_002,423,0,0
pair_002,424,0,0
pair_002,425,0,0
pair_002,426,34,33332
pair_002,427,0,0
pair_002,428,0,0
pair_002,429,0,0
pair_002,430,0,0
pair_002,431,0,0
pair_002,432,23,22249
pair_002,433,0,0
pair_002,434,0,0
pair_002,435,0,0
pair_002,436,28,26732
pair_002,437,5,4483
pair_002,438,0,0
pair_002,439,14,13366
pair_002,440,18,17766
pair_002,441,0,0
pair_002,442,0,0
pair_002,443,0,0
pair_002,444,5,4483
pair_002,445,0,0
pair_002,446,14,13366
pair_002,447,34,33332
pair_002,448,0,0
pair_002,449,0,0
pair_002,450,0,0
pair_002,451,3,2283
pair_002,452,0,0
pair_002,453,0,0
pair_002,454,18,17766
pair_002,455,9,8883
pair_002,456,19,17849
pair_002,457,21,20049
pair_002,458,0,0
pair_002,459,0,0
pair_002,460,0,0
pair_002,461,10,8966
pair_002,462,18,17766
pair_002,463,12,11166
pair_002,464,0,0
pair_002,465,0,0
pair_002,466,9,8883
pair_002,467,7,6683
pair_002,468,0,0
pair_002,469,27,26649
pair_002,470,0,0
pair_002,471,9,8883
pair_002,472,0,0
pair_002,473,0,0
pair_002,474,0,0
pair_002,475,0,0
pair_002,476,21,20049
pair_002,477,7,6683
pair_002,478,14,13366
pair_002,479,0,0
pair_002,480,0,0
pair_002,481,7,6683
pair_002,482,0,0
pair_002,483,5,4483
pair_002,484,16,15566
pair_002,485,12,11166
pair_002,486,0,0
pair_002,487,0,0
pair_002,488,7,6683
pair_002,489,0,0
pair_002,490,3,2283
pair_002,491,7,6683
pair_002,492,7,6683
pair_002,493,0,0
pair_002,494,21,20049
pair_002,495,0,0
pair_002,496,0,0
pair_002,497,0,0
pair_002,498,0,0
pair_002,499,0,0
pair_002,500,14,13366
pair_002,501,0,0
pair_002,502,0,0
pair_002,503,0,0
pair_002,504,0,0
pair_002,505,16,15566
pair_002,506,12,11166
pair_002,507,0,0
pair_002,508,0,0
pair_002,509,5,4483
pair_002,510,7,6683
pair_002,511,5,4483
pair_002,512,7,6683
pair_002,513,0,0
pair_002,514,0,0
pair_002,515,0,0
pair_002,516,0,0
pair_002,517,16,15566
pair_002,518,12,11166
pair_002,519,12,11166
pair_002,520,3,2283
pair_002,521,0,0
pair_002,522,0,0
pair_002,523,0,0
pair_002,524,32,31132
pair_002,525,9,8883
pair_002,526,0,0
pair_002,527,10,8966
pair_002,528,0,0
pair_002,529,24,22332
pair_002,530,27,26649
pair_002,531,7,6683
pair_002,532,0,0
pair_002,533,0,0
pair_002,534,3,2283
pair_002,535,21,20049
pair_002,536,7,6683
pair_002,537,25,24449
pair_002,538,0,0
pair_002,539,3,2283
pair_002,540,5,4483
pair_002,541,12,11166
pair_002,542,0,0
pair_002,543,30,28932
pair_002,544,0,0
pair_002,545,0,0
pair_002,546,0,0
pair_002,547,14,13366
pair_002,548,3,2283
pair_002,549,21,20049
pair_002,550,7,6683
pair_002,551,0,0
pair_002,552,14,13366
pair_002,553,21,20049
pair_002,554,18,17766
pair_002,555,0,0
pair_002,556,23,22249
pair_002,557,12,11166
pair_002,558,34,33332
pair_002,559,0,0
pair_002,560,0,0
pair_002,561,0,0
pair_002,562,0,0
pair_002,563,7,6683
pair_002,564,39,37815
pair_002,565,23,22249
pair_002,566,0,0
pair_002,567,0,0
pair_002,568,0,0
pair_002,569,0,0
pair_002,570,0,0
pair_002,571,34,33332
pair_002,572,10,8966
pair_002,573,0,0
pair_002,574,0,0
pair_002,575,23,22249
pair_002,576,0,0
pair_002,577,0,0
pair_002,578,0,0
pair_002,579,32,31132
pair_002,580,10,8966
pair_002,581,0,0
pair_002,582,0,0
pair_002,583,0,0
pair_002,584,0,0
pair_002,585,0,0
pair_002,586,21,20049
pair_002,587,7,6683
pair_002,588,23,22249
pair_002,589,10,8966
pair_002,590,0,0
pair_002,591,0,0
pair_002,592,19,17849
pair_002,593,0,0
pair_002,594,0,0
pair_002,595,0,0
pair_002,596,0,0
pair_002,597,14,13366
pair_002,598,16,15566
pair_002,599,22,20132
pair_002,600,5,4483
pair_002,601,0,0
pair_002,602,0,0
pair_002,603,0,0
pair_002,604,0,0
pair_002,605,0,0
pair_002,606,3,2283
pair_002,607,12,11166
pair_002,608,34,33332
pair_002,609,32,31132
pair_002,610,0,0
pair_002,611,10,8966
pair_002,612,0,0
pair_002,613,0,0
pair_002,614,16,15566
pair_002,615,23,22249
pair_002,616,3,2283
pair_002,617,5,4483
pair_002,618,5,4483
pair_002,619,21,20049
pair_002,620,0,0
pair_002,621,26,24532
pair_002,622,0,0
pair_002,623,5,4483
pair_002,624,21,20049
pair_002,625,3,2283
pair_002,626,0,0
pair_002,627,9,8883
pair_002,628,23,22249
pair_002,629,0,0
pair_002,630,21,20049
pair_002,631,0,0
pair_002,632,0,0
pair_002,633,0,0
pair_002,634,14,13366
pair_002,635,14,13366
pair_002,636,9,8883
pair_002,637,9,8883
pair_002,638,0,0
pair_002,639,0,0
pair_002,640,0,0
pair_002,641,0,0
pair_002,642,22,20148
pair_002,643,35,35433
pair_002,644,16,15566
pair_002,645,0,0
pair_002,646,0,0
pair_002,647,0,0
pair_002,648,36,35532
pair_002,649,0,0
pair_002,650,0,0
pair_002,651,24,22332
pair_002,652,7,6683
pair_002,653,0,0
pair_002,654,34,33332
pair_002,655,0,0
pair_002,656,0,0
pair_002,657,0,0
pair_002,658,0,0
pair_002,659,0,0
pair_002,660,21,20049
pair_002,661,39,37815
pair_002,662,0,0
pair_002,663,0,0
pair_002,664,0,0
pair_002,665,0,0
pair_002,666,0,0
pair_002,667,0,0
pair_002,668,3,2283
pair_002,669,30,28932
pair_002,670,0,0
pair_002,671,12,11166
pair_002,672,12,11166
pair_002,673,0,0
pair_002,674,0,0
pair_002,675,0,0
pair_002,676,0,0
pair_002,677,0,0
pair_002,678,12,11166
pair_002,679,26,24532
pair_002,680,0,0
pair_002,681,0,0
pair_002,682,0,0
pair_002,683,12,11166
pair_002,684,0,0
pair_002,685,5,4483
pair_002,686,0,0
pair_002,687,0,0
pair_002,688,0,0
pair_002,689,44,42298
pair_002,690,21,20049
pair_002,691,0,0
pair_002,692,3,2283
pair_002,693,0,0
pair_002,694,0,0
pair_002,695,48,46698
pair_002,696,0,0
pair_002,697,0,0
pair_002,698,24,22332
pair_002,699,0,0
pair_002,700,0,0
pair_002,701,25,24449
pair_002,702,21,20049
pair_002,703,0,0
pair_002,704,0,0
pair_002,705,0,0
pair_002,706,0,0
pair_002,707,0,0
pair_002,708,23,22249
pair_002,709,33,31215
pair_002,710,9,8883
pair_002,711,0,0
pair_002,712,0,0
pair_002,713,0,0
pair_002,714,0,0
pair_002,715,21,20049
pair_002,716,18,17766
pair_002,717,12,11166
pair_002,718,9,8883
pair_002,719,0,0
pair_002,720,0,0
pair_002,721,14,13366
pair_002,722,3,2283
pair_002,723,0,0
pair_002,724,0,0
pair_002,725,28,26732
pair_002,726,0,0
pair_002,727,9,8883
pair_002,728,15,13449
pair_002,729,0,0
pair_002,730,0,0
pair_002,731,0,0
pair_002,732,0,0
pair_002,733,0,0
pair_002,734,26,24532
pair_002,735,0,0
pair_002,736,22,20132
pair_002,737,0,0
pair_002,738,0,0
pair_002,739,0,0
pair_002,740,0,0
pair_002,741,0,0
pair_002,742,0,0
pair_002,743,0,0
pair_002,744,9,8883
pair_002,745,66,64464
pair_002,746,0,0
pair_002,747,0,0
pair_002,748,7,6683
pair_002,749,0,0
pair_002,750,0,0
pair_002,751,41,40015
pair_002,752,0,0
pair_002,753,0,0
pair_002,754,5,4483
pair_002,755,21,20049
pair_002,756,0,0
pair_002,757,15,13449
pair_002,758,23,22249
pair_002,759,0,0
pair_002,760,0,0
pair_002,761,12,11166
pair_002,762,0,0
pair_002,763,0,0
pair_002,764,46,44498
pair_002,765,0,0
pair_002,766,0,0
pair_002,767,10,8966
pair_002,768,0,0
pair_002,769,0,0
pair_002,770,0,0
pair_002,771,34,33332
pair_002,772,0,0
pair_002,773,17,15649
pair_002,774,0,0
pair_002,775,0,0
pair_002,776,0,0
pair_002,777,0,0
pair_002,778,0,0
pair_002,779,27,26649
pair_002,780,0,0
pair_002,781,8,6766
pair_002,782,0,0
pair_002,783,0,0
pair_002,784,7,6683
pair_002,785,0,0
pair_002,786,0,0
pair_002,787,5,4483
pair_002,788,23,22249
pair_002,789,45,44415
pair_002,790,0,0
pair_002,791,5,4483
pair_002,792,0,0
pair_002,793,0,0
pair_002,794,7,6683
pair_002,795,9,8883
pair_002,796,0,0
pair_002,797,3,2283
pair_002,798,19,17849
pair_002,799,0,0
pair_002,800,14,13366
pair_002,801,18,17766
pair_002,802,0,0
pair_002,803,0,0
pair_002,804,0,0
pair_002,805,0,0
pair_002,806,0,0
pair_002,807,26,24532
pair_002,808,40,37898
pair_002,809,0,0
pair_002,810,0,0
pair_002,811,0,0
pair_002,812,0,0
pair_002,813,3,2283
pair_002,814,22,20132
pair_002,815,3,2283
pair_002,816,30,28932
pair_002,817,0,0
pair_002,818,6,4566
pair_002,819,0,0
pair_002,820,0,0
pair_002,821,19,17849
pair_002,822,0,0
pair_002,823,0,0
pair_002,824,35,33415
pair_002,825,0,0
pair_002,826,0,0
pair_002,827,0,0
pair_002,828,17,15649
pair_002,829,0,0
pair_002,830,3,2283
pair_002,831,0,0
pair_002,832,0,0
pair_002,833,27,26649
pair_002,834,3,2283
pair_002,835,14,13366
pair_002,836,0,0
pair_002,837,0,0
pair_002,838,0,0
pair_002,839,0,0
pair_002,840,0,0
pair_002,841,0,0
pair_002,842,0,0
pair_002,843,0,0
pair_002,844,25,24449
pair_002,845,45,44415
pair_002,846,0,0
pair_002,847,0,0
pair_002,848,0,0
pair_002,849,0,0
pair_002,850,0,0
pair_002,851,34,33332
pair_002,852,0,0
pair_002,853,0,0
pair_002,854,14,13366
pair_002,855,21,20049
pair_002,856,0,0
pair_002,857,0,0
pair_002,858,32,31132
pair_002,859,0,0
pair_002,860,0,0
pair_002,861,21,20049
pair_002,862,0,0
pair_002,863,0,0
pair_002,864,22,20132
pair_002,865,18,17766
pair_002,866,0,0
pair_002,867,19,17849
pair_002,868,0,0
pair_002,869,0,0
pair_002,870,0,0
pair_002,871,0,0
pair_002,872,30,28932
pair_002,873,0,0
pair_002,874,14,13366
pair_002,875,0,0
pair_002,876,0,0
pair_002,877,0,0
pair_002,878,0,0
pair_002,879,7,6683
pair_002,880,28,26732
pair_002,881,15,13449
pair_002,882,0,0
pair_002,883,0,0
pair_002,884,0,0
pair_002,885,5,4483
pair_002,886,0,0
pair_002,887,0,0
pair_002,888,40,37898
pair_002,889,0,0
pair_002,890,0,0
pair_002,891,3,2283
pair_002,892,0,0
pair_002,893,0,0
pair_002,894,0,0
pair_002,895,0,0
pair_002,896,3,2283
pair_002,897,70,68864
pair_002,898,0,0
pair_002,899,0,0
pair_002,900,0,0
pair_002,901,0,0
pair_002,902,39,37815
pair_002,903,0,0
pair_002,904,0,0
pair_002,905,10,8966
pair_002,906,7,6683
pair_002,907,16,15566
pair_002,908,34,33332
pair_002,909,0,0
pair_002,910,0,0
pair_002,911,7,6683
pair_002,912,16,15566
pair_002,913,0,0
pair_002,914,39,37815
pair_002,915,0,0
pair_002,916,0,0
pair_002,917,21,20049
pair_002,918,0,0
pair_002,919,7,6683
pair_002,920,23,22249
pair_002,921,7,6683
pair_002,922,3,2283
pair_002,923,16,15566
pair_002,924,5,4483
pair_002,925,0,0
pair_002,926,0,0
pair_002,927,30,28932
pair_002,928,0,0
pair_002,929,21,20049
pair_002,930,0,0
pair_002,931,0,0
pair_002,932,0,0
pair_002,933,3,2283
pair_002,934,25,24449
pair_002,935,18,17766
pair_002,936,0,0
pair_002,937,0,0
pair_002,938,0,0
pair_002,939,0,0
pair_002,940,0,0
pair_002,941,0,0
pair_002,942,14,13366
pair_002,943,28,26732
pair_002,944,0,0
pair_002,945,0,0
pair_002,946,0,0
pair_002,947,0,0
pair_002,948,0,0
pair_002,949,0,0
pair_002,950,0,0
pair_002,951,0,0
pair_002,952,0,0
pair_002,953,9,8883
pair_002,954,42,40098
pair_002,955,0,0
pair_002,956,0,0
pair_002,957,0,0
pair_002,958,0,0
pair_002,959,0,0
pair_002,960,32,31132
pair_002,961,0,0
pair_002,962,0,0
pair_002,963,0,0
pair_002,964,0,0
pair_002,965,9,8883
pair_002,966,39,37815
pair_002,967,23,22249
pair_002,968,5,4483
pair_002,969,0,0
pair_002,970,0,0
pair_002,971,0,0
pair_002,972,41,40015
pair_002,973,3,2283
pair_002,974,0,0
pair_002,975,5,4483
pair_002,976,23,22249
pair_002,977,0,0
pair_002,978,0,0
pair_002,979,28,26732
pair_002,980,12,11166
pair_002,981,0,0
pair_002,982,0,0
pair_002,983,0,0
pair_002,984,26,24532
pair_002,985,0,0
pair_002,986,3,2283
pair_002,987,34,33332
pair_002,988,0,0
pair_002,989,0,0
pair_002,990,0,0
pair_002,991,0,0
pair_002,992,0,0
pair_002,993,23,22249
pair_002,994,0,0
pair_002,995,28,26744
pair_002,996,6,6588
pair_002,997,0,0
pair_002,998,0,0
pair_002,999,0,0
pair_002,1000,0,0
pair_002,1001,0,0
pair_002,1002,0,0
pair_002,1003,19,17849
pair_002,1004,7,6683
pair_002,1005,25,24449
pair_002,1006,0,0
pair_002,1007,0,0
pair_002,1008,0,0
pair_002,1009,0,0
pair_002,1010,0,0
pair_002,1011,0,0
pair_002,1012,0,0
pair_002,1013,0,0
pair_002,1014,0,0
pair_002,1015,19,17849
pair_002,1016,25,24449
pair_002,1017,0,0
pair_002,1018,0,0
pair_002,1019,0,0
pair_002,1020,0,0
pair_002,1021,0,0
pair_002,1022,0,0
pair_002,1023,0,0
pair_002,1024,0,0
pair_002,1025,0,0
pair_002,1026,0,0
pair_002,1027,0,0
pair_002,1028,76,73430
pair_002,1029,0,0
pair_002,1030,0,0
pair_002,1031,0,0
pair_002,1032,0,0
pair_002,1033,0,0
pair_002,1034,0,0
pair_002,1035,9,8883
pair_002,1036,36,35532
pair_002,1037,0,0
pair_002,1038,0,0
pair_002,1039,0,0
pair_002,1040,0,0
pair_002,1041,0,0
pair_002,1042,16,15566
pair_002,1043,0,0
pair_002,1044,39,37815
pair_002,1045,0,0
pair_002,1046,0,0
pair_002,1047,0,0
pair_002,1048,0,0
pair_002,1049,5,4483
pair_002,1050,7,6683
pair_002,1051,0,0
pair_002,1052,0,0
pair_002,1053,32,31132
pair_002,1054,7,6683
pair_002,1055,0,0
pair_002,1056,0,0
pair_002,1057,0,0
pair_002,1058,7,6683
pair_002,1059,0,0
pair_002,1060,0,0
pair_002,1061,0,0
pair_002,1062,0,0
pair_002,1063,37,35615
pair_002,1064,0,0
pair_002,1065,0,0
pair_002,1066,3,2283
pair_002,1067,36,35532
pair_002,1068,0,0
pair_002,1069,0,0
pair_002,1070,0,0
pair_002,1071,0,0
pair_002,1072,0,0
pair_002,1073,34,33332
pair_002,1074,34,33332
pair_002,1075,0,0
pair_002,1076,0,0
pair_002,1077,0,0
pair_002,1078,0,0
pair_002,1079,0,0
pair_002,1080,0,0
pair_002,1081,9,8883
pair_002,1082,25,24449
pair_002,1083,0,0
pair_002,1084,30,28932
pair_002,1085,0,0
pair_002,1086,0,0
pair_002,1087,0,0
pair_002,1088,0,0
pair_002,1089,0,0
pair_002,1090,30,28932
pair_002,1091,0,0
pair_002,1092,0,0
pair_002,1093,0,0
pair_002,1094,0,0
pair_002,1095,0,0
pair_002,1096,28,26732
pair_002,1097,0,0
pair_002,1098,0,0
pair_002,1099,18,17766
pair_002,1100,7,6683
pair_002,1101,0,0
pair_002,1102,0,0
pair_002,1103,0,0
pair_002,1104,0,0
pair_002,1105,0,0
pair_002,1106,0,0
pair_002,1107,0,0
pair_002,1108,0,0
pair_002,1109,24,22332
pair_002,1110,23,22249
pair_002,1111,0,0
pair_002,1112,0,0
pair_002,1113,0,0
pair_002,1114,0,0
pair_002,1115,0,0
pair_002,1116,17,15649
pair_002,1117,39,37815
pair_002,1118,0,0
pair_002,1119,0,0
pair_002,1120,0,0
pair_002,1121,0,0
pair_002,1122,16,15566
pair_002,1123,0,0
pair_002,1124,45,44415
pair_002,1125,5,4483
pair_002,1126,0,0
pair_002,1127,0,0
pair_002,1128,0,0
pair_002,1129,0,0
pair_002,1130,0,0
pair_002,1131,0,0
pair_002,1132,37,35615
pair_002,1133,13,11249
pair_002,1134,18,17766
pair_002,1135,0,0
pair_002,1136,0,0
pair_002,1137,0,0
pair_002,1138,0,0
pair_002,1139,0,0
pair_002,1140,0,0
pair_002,1141,31,29015
pair_002,1142,0,0
pair_002,1143,10,8966
pair_002,1144,0,0
pair_002,1145,0,0
pair_002,1146,18,17766
pair_002,1147,0,0
pair_002,1148,0,0
pair_002,1149,0,0
pair_002,1150,25,24449
pair_002,1151,0,0
pair_002,1152,10,8966
pair_002,1153,14,13366
pair_002,1154,0,0
pair_002,1155,0,0
pair_002,1156,0,0
pair_002,1157,0,0
pair_002,1158,0,0
pair_002,1159,16,15566
pair_002,1160,24,22332
pair_002,1161,0,0
pair_002,1162,0,0
pair_002,1163,5,4483
pair_002,1164,0,0
pair_002,1165,0,0
pair_002,1166,0,0
pair_002,1167,0,0
pair_002,1168,10,8966
pair_002,1169,0,0
pair_002,1170,19,17849
pair_002,1171,36,35532
pair_002,1172,0,0
pair_002,1173,0,0
pair_002,1174,3,2283
pair_002,1175,0,0
pair_002,1176,17,15649
pair_002,1177,36,35532
pair_002,1178,0,0
pair_002,1179,0,0
pair_002,1180,0,0
pair_002,1181,16,15566
pair_002,1182,0,0
pair_002,1183,0,0
pair_002,1184,36,35532
pair_002,1185,17,15649
pair_002,1186,0,0
pair_002,1187,0,0
pair_002,1188,0,0
pair_002,1189,0,0
pair_002,1190,0,0
pair_002,1191,28,26732
pair_002,1192,21,20049
pair_002,1193,0,0
pair_002,1194,3,2283
pair_002,1195,10,8966
pair_002,1196,0,0
pair_002,1197,0,0
pair_002,1198,12,11166
pair_002,1199,0,0
pair_002,1200,34,33332
pair_002,1201,0,0
pair_002,1202,0,0
pair_002,1203,0,0
pair_002,1204,0,0
pair_002,1205,9,8883
pair_002,1206,12,11166
pair_002,1207,0,0
pair_002,1208,0,0
pair_002,1209,16,15566
pair_002,1210,18,17766
pair_002,1211,0,0
pair_002,1212,0,0
pair_002,1213,0,0
pair_002,1214,0,0
pair_002,1215,0,0
pair_002,1216,0,0
pair_002,1217,0,0
pair_002,1218,37,35615
pair_002,1219,12,11166
pair_002,1220,28,26732
pair_002,1221,0,0
pair_002,1222,0,0
pair_002,1223,0,0
pair_002,1224,0,0
pair_002,1225,47,44581
pair_002,1226,0,0
pair_002,1227,0,0
pair_002,1228,0,0
pair_002,1229,0,0
pair_002,1230,0,0
pair_002,1231,0,0
pair_002,1232,28,26732
pair_002,1233,44,42298
pair_002,1234,0,0
pair_002,1235,0,0
pair_002,1236,0,0
pair_002,1237,0,0
pair_002,1238,0,0
pair_002,1239,0,0
pair_002,1240,0,0
pair_002,1241,21,20049
pair_002,1242,21,20049
pair_002,1243,0,0
pair_002,1244,0,0
pair_002,1245,25,24449
pair_002,1246,0,0
pair_002,1247,0,0
pair_002,1248,0,0
pair_002,1249,0,0
pair_002,1250,0,0
pair_002,1251,40,37898
pair_002,1252,23,22249
pair_002,1253,0,0
pair_002,1254,0,0
pair_002,1255,0,0
pair_002,1256,0,0
pair_002,1257,0,0
pair_002,1258,0,0
pair_002,1259,0,0
pair_002,1260,23,22249
pair_002,1261,14,13366
pair_002,1262,21,20049
pair_002,1263,0,0
pair_002,1264,0,0
pair_002,1265,0,0
pair_002,1266,0,0
pair_002,1267,0,0
pair_002,1268,0,0
pair_002,1269,18,17766
pair_002,1270,0,0
pair_002,1271,0,0
pair_002,1272,0,0
pair_002,1273,14,13366
pair_002,1274,21,20049
pair_002,1275,0,0
pair_002,1276,0,0
pair_002,1277,0,0
pair_002,1278,7,6683
pair_002,1279,9,8883
pair_002,1280,0,0
pair_002,1281,0,0
pair_002,1282,0,0
pair_002,1283,0,0
pair_002,1284,0,0
pair_002,1285,0,0
pair_002,1286,21,20049
pair_002,1287,12,11166
pair_002,1288,0,0
pair_002,1289,0,0
pair_002,1290,16,15566
pair_002,1291,0,0
pair_002,1292,0,0
pair_002,1293,0,0
pair_002,1294,0,0
pair_002,1295,0,0
pair_002,1296,0,0
pair_002,1297,0,0
pair_002,1298,0,0
pair_002,1299,0,0
pair_002,1300,0,0
pair_002,1301,4,388
pair_002,1302,1,95
pair_002,1303,1,99
pair_002,1304,0,0
pair_002,1305,0,0
pair_002,1306,0,0
pair_002,1307,0,0
pair_002,1308,0,0
pair_002,1309,4,388
pair_002,1310,0,0
pair_002,1311,0,0
pair_002,1312,0,0
pair_002,1313,0,0
pair_002,1314,0,0
pair_002,1315,0,0
pair_002,1316,1,95
pair_002,1317,1,99
pair_002,1318,4,388
pair_002,1319,0,0
pair_002,1320,0,0
pair_002,1321,0,0
pair_002,1322,0,0
pair_002,1323,0,0
pair_002,1324,0,0
pair_002,1325,0,0
pair_002,1326,0,0
pair_002,1327,1,91
pair_002,1328,3,297
pair_002,1329,0,0
pair_002,1330,0,0
pair_002,1331,2,194
pair_003,0,219,190149
pair_003,1,1211,1083110
pair_003,2,1078,961918
pair_003,3,918,821235
pair_003,4,1168,1216825
pair_004,0,6,1662
pair_004,1,18,4986
pair_004,2,24,6648
pair_004,3,13,3467
pair_004,4,30,8310
pair_004,5,33,9141
pair_004,6,20,5674
pair_004,7,23,6103
pair_004,8,29,8167
pair_004,9,24,6648
pair_004,10,11,2779
pair_004,11,33,9141
pair_004,12,16,4700
pair_004,13,18,4986
pair_004,14,31,8453
pair_004,15,25,7193
pair_004,16,18,4986
pair_004,17,27,7479
pair_004,18,32,8596
pair_004,19,27,7479
pair_004,20,26,7336
pair_004,21,23,6505
pair_004,22,29,7765
pair_004,23,32,8998
pair_004,24,21,5817
pair_004,25,36,9972
pair_004,26,30,8310
pair_004,27,29,8167
pair_004,28,30,7908
pair_004,29,36,10374
pair_004,30,36,9570
pair_004,31,49,13841
pair_004,32,23,6505
pair_004,33,9,2493
pair_004,34,22,5960
pair_004,35,30,8310
pair_004,36,21,5817
pair_004,37,14,4012
pair_004,38,11,2779
pair_004,39,7,2207
pair_004,40,13,3467
pair_004,41,21,3759
pair_004,42,2,286
pair_004,43,6,810
pair_004,44,6,810
pair_004,45,21,2907
pair_004,46,17,2383
pair_004,47,26,3622
pair_004,48,41,5671
pair_004,49,21,2955
pair_004,50,34,4622
pair_004,51,29,3955
pair_004,52,31,4289
pair_004,53,18,2478
pair_004,54,6,906
pair_004,55,17,2287
pair_004,56,17,2527
pair_004,57,19,2429
pair_004,58,11,1525
pair_004,59,36,5052
pair_004,60,25,3527
pair_004,61,40,5576
pair_004,62,50,6622
pair_004,63,19,2669
pair_004,64,48,6768
pair_004,65,38,5242
pair_004,66,46,6242
pair_004,67,40,5480
pair_004,68,34,4910
pair_004,69,39,5337
pair_004,70,25,3575
pair_004,71,30,4386
pair_004,72,38,5050
pair_004,73,26,3670
pair_004,74,32,4384
pair_004,75,32,4480
pair_004,76,37,5051
pair_004,77,45,6099
pair_004,78,28,3956
pair_004,79,25,3527
pair_004,80,22,3050
pair_004,81,21,2907
pair_004,82,33,4671
pair_004,83,36,4908
pair_004,84,28,4004
pair_004,85,56,7528
pair_004,86,32,4480
pair_004,87,35,4813
pair_004,88,30,4194
pair_004,89,34,4910
pair_004,90,49,6575
pair_004,91,31,4289
pair_004,92,39,5481
pair_004,93,47,6337
pair_004,94,32,4480
pair_004,95,49,6767
pair_004,96,48,6720
pair_004,97,54,7530
pair_004,98,84,11100
pair_004,99,63,8481
pair_004,100,21,3003
pair_004,101,11,1637
pair_004,102,13,1795
pair_004,103,5,747
pair_004,104,28,4084
pair_004,105,8,1192
pair_004,106,18,2542
pair_004,107,21,2987
pair_004,108,9,1271
pair_004,109,10,1398
pair_004,110,38,5338
pair_004,111,50,7022
pair_004,112,37,5435
pair_004,113,27,3941
pair_004,114,15,2225
pair_004,115,29,4019
pair_004,116,16,2272
pair_004,117,12,1524
pair_004,118,19,2557
pair_004,119,18,2670
pair_004,120,11,1509
pair_004,121,9,1335
pair_004,122,3,381
pair_004,123,6,890
pair_004,124,3,445
pair_004,125,0,0
pair_004,126,3,445
pair_004,127,3,445
pair_004,128,1,143
pair_004,129,8,1192
pair_004,130,3,381
pair_004,131,0,0
pair_004,132,6,826
pair_004,133,0,0
pair_004,134,0,0
pair_004,135,0,0
pair_004,136,0,0
pair_004,137,0,0
pair_004,138,34,4846
pair_004,139,17,2271
pair_004,140,3,381
pair_004,141,15,2161
pair_004,142,4,588
pair_004,143,26,3670
pair_004,144,19,2749
pair_004,145,16,2176
pair_004,146,20,2780
pair_004,147,37,5355
pair_004,148,10,1174
pair_004,149,31,4401
pair_004,150,17,2463
pair_004,151,13,1795
pair_004,152,27,3813
pair_004,153,29,3955
pair_004,154,12,1684
pair_004,155,6,890
pair_004,156,15,2097
pair_005,0,73,63430
pair_005,1,109,106679
pair_005,2,55,53381
pair_005,3,54,53298
pair_005,4,64,62264
pair_005,5,61,59981
pair_005,6,54,55332
pair_005,7,95,97381
pair_005,8,49,50849
pair_005,9,71,73015
pair_005,10,101,103981
pair_005,11,91,92981
pair_005,12,113,117181
pair_005,13,136,139430
pair_005,14,68,70732
pair_005,15,107,110581
pair_005,16,134,141298
pair_005,17,269,286747
pair_005,18,220,233864
pair_005,19,201,213981
pair_005,20,255,271347
pair_005,21,249,262713
pair_005,22,203,210079
pair_005,23,177,181479
pair_005,24,129,130713
pair_006,0,44,36601
pair_006,1,81,79947
pair_006,2,75,73347
pair_006,3,72,71064
pair_006,4,48,46698
pair_006,5,68,70732
pair_006,6,12,11166
pair_006,7,46,46532
pair_006,8,77,79615
pair_006,9,47,48649
pair_006,10,51,53049
pair_006,11,73,75215
pair_006,12,8,6766
pair_006,13,34,35366
pair_006,14,51,53049
pair_006,15,114,117264
pair_006,16,34,35366
pair_006,17,148,150596
pair_006,18,136,141464
pair_006,19,150,154830
pair_006,20,139,143747
pair_006,21,69,72849
pair_006,22,132,141132
pair_006,23,270,286830
pair_006,24,132,141132
pair_006,25,195,207381
pair_006,26,159,167733
pair_006,27,248,258562
pair_006,28,221,209539
pair_007,0,33,27398
pair_007,1,139,133731
pair_007,2,41,40015
pair_007,3,61,59981
pair_007,4,34,33332
pair_007,5,59,57781
pair_007,6,20,17932
pair_007,7,63,62181
pair_007,8,40,37898
pair_007,9,13,11249
pair_007,10,63,62181
pair_007,11,68,70732
pair_007,12,37,37649
pair_007,13,25,24449
pair_007,14,92,95098
pair_007,15,3,2283
pair_007,16,9,8883
pair_007,17,59,57781
pair_007,18,0,0
pair_007,19,9,8883
pair_007,20,60,57864
pair_007,21,0,0
pair_007,22,0,0
pair_007,23,66,64464
pair_007,24,52,51098
pair_007,25,46,44498
pair_007,26,7,6683
pair_007,27,47,44581
pair_007,28,62,60064
pair_007,29,79,77747
pair_007,30,81,81981
pair_007,31,90,92898
pair_007,32,0,0
pair_007,33,47,48649
pair_007,34,51,53049
pair_007,35,47,48649
pair_007,36,99,101781
pair_007,37,105,108381
pair_007,38,76,77498
pair_007,39,109,110747
pair_007,40,0,0
pair_007,41,31,31049
pair_007,42,30,28932
pair_007,43,70,66830
pair_007,44,20,17932
pair_008,0,62,54367
pair_008,1,44,42298
pair_008,2,48,46698
pair_008,3,30,28932
pair_008,4,64,62264
pair_008,5,45,44415
pair_008,6,19,17849
pair_008,7,61,59981
pair_008,8,83,80113
pair_008,9,126,128430
pair_008,10,88,88664
pair_008,11,101,103981
pair_008,12,143,146113
pair_008,13,88,88676
pair_008,14,104,106252
pair_008,15,86,86464
pair_008,16,120,117762
pair_008,17,250,250592
pair_008,18,132,128928
pair_008,19,225,219641
pair_008,20,68,66664
pair_008,21,8,6766
pair_009,0,3,269
pair_009,1,0,0
pair_009,2,0,0
pair_009,3,0,0
pair_009,4,23,18566
pair_009,5,9,8883
pair_009,6,9,8883
pair_009,7,0,0
pair_009,8,9,8883
pair_009,9,18,17766
pair_009,10,9,8883
pair_009,11,9,8883
pair_009,12,18,17766
pair_009,13,9,8883
pair_009,14,9,8883
pair_009,15,18,17766
pair_009,16,9,8883
pair_009,17,9,8883
pair_009,18,9,8883
pair_009,19,18,17766
pair_009,20,9,8883
pair_009,21,9,8883
pair_009,22,9,8883
pair_009,23,18,17766
pair_009,24,9,8883
pair_009,25,18,17766
pair_009,26,36,35532
pair_009,27,3,2283
pair_009,28,0,0
pair_009,29,0,0
pair_009,30,0,0
pair_009,31,0,0
pair_009,32,0,0
pair_009,33,0,0
pair_009,34,0,0
pair_009,35,0,0
pair_009,36,0,0
pair_009,37,0,0
pair_009,38,0,0
pair_009,39,36,35532
pair_009,40,3,2283
pair_009,41,0,0
pair_009,42,0,0
pair_009,43,0,0
pair_009,44,0,0
pair_009,45,0,0
pair_009,46,0,0
pair_009,47,0,0
pair_009,48,0,0
pair_009,49,30,28932
pair_009,50,0,0
pair_009,51,0,0
pair_009,52,0,0
pair_009,53,0,0
pair_009,54,0,0
pair_009,55,0,0
pair_009,56,0,0
pair_009,57,0,0
pair_009,58,0,0
pair_009,59,18,17766
pair_009,60,21,20049
pair_009,61,0,0
pair_009,62,0,0
pair_009,63,36,35532
pair_009,64,0,0
pair_009,65,0,0
pair_009,66,0,0
pair_009,67,0,0
pair_009,68,0,0
pair_009,69,0,0
pair_009,70,0,0
pair_009,71,18,17766
pair_009,72,18,17766
pair_009,73,0,0
pair_009,74,0,0
pair_009,75,0,0
pair_009,76,0,0
pair_009,77,0,0
pair_009,78,36,35532
pair_009,79,0,0
pair_009,80,0,0
pair_009,81,0,0
pair_009,82,0,0
pair_009,83,0,0
pair_009,84,0,0
pair_009,85,0,0
pair_009,86,0,0
pair_009,87,0,0
pair_009,88,0,0
pair_009,89,0,0
pair_009,90,18,17766
pair_009,91,18,17766
pair_009,92,0,0
pair_009,93,0,0
pair_009,94,0,0
pair_009,95,0,0
pair_009,96,0,0
pair_009,97,0,0
pair_009,98,0,0
pair_009,99,0,0
pair_009,100,0,0
pair_009,101,0,0
pair_009,102,9,8883
pair_009,103,9,8883
pair_009,104,0,0
pair_009,105,0,0
pair_009,106,0,0
pair_009,107,9,8883
pair_009,108,9,8883
pair_009,109,0,0
pair_009,110,0,0
pair_009,111,41,40015
pair_009,112,0,0
pair_009,113,0,0
pair_009,114,0,0
pair_009,115,0,0
pair_009,116,0,0
pair_009,117,0,0
pair_009,118,0,0
pair_009,119,0,0
pair_009,120,0,0
pair_009,121,0,0
pair_009,122,0,0
pair_009,123,0,0
pair_009,124,9,8883
pair_009,125,9,8883
pair_009,126,23,22249
pair_009,127,0,0
pair_009,128,0,0
pair_009,129,0,0
pair_009,130,0,0
pair_009,131,0,0
pair_009,132,0,0
pair_009,133,0,0
pair_009,134,0,0
pair_009,135,0,0
pair_009,136,0,0
pair_009,137,0,0
pair_009,138,0,0
pair_009,139,0,0
pair_009,140,0,0
pair_009,141,18,17766
pair_009,142,0,0
pair_009,143,23,22249
pair_009,144,0,0
pair_009,145,0,0
pair_009,146,0,0
pair_009,147,0,0
pair_009,148,0,0
pair_009,149,0,0
pair_009,150,0,0
pair_009,151,0,0
pair_009,152,0,0
pair_009,153,0,0
pair_009,154,0,0
pair_009,155,0,0
pair_009,156,43,42215
pair_009,157,0,0
pair_009,158,36,35532
pair_009,159,0,0
pair_009,160,0,0
pair_009,161,0,0
pair_009,162,0,0
pair_009,163,0,0
pair_009,164,0,0
pair_009,165,0,0
pair_009,166,0,0
pair_009,167,16,15566
pair_009,168,21,20049
pair_009,169,0,0
pair_009,170,0,0
pair_009,171,0,0
pair_009,172,0,0
pair_009,173,0,0
pair_009,174,0,0
pair_009,175,0,0
pair_009,176,0,0
pair_009,177,0,0
pair_009,178,0,0
pair_009,179,0,0
pair_009,180,0,0
pair_009,181,16,15566
pair_009,182,21,20049
pair_009,183,0,0
pair_009,184,0,0
pair_009,185,0,0
pair_009,186,0,0
pair_009,187,0,0
pair_009,188,0,0
pair_009,189,0,0
pair_009,190,0,0
pair_009,191,0,0
pair_009,192,0,0
pair_009,193,0,0
pair_009,194,0,0
pair_009,195,0,0
pair_009,196,16,15566
pair_009,197,21,20049
pair_009,198,0,0
pair_009,199,0,0
pair_009,200,0,0
pair_009,201,0,0
pair_009,202,0,0
pair_009,203,0,0
pair_009,204,0,0
pair_009,205,0,0
pair_009,206,0,0
pair_009,207,0,0
pair_009,208,0,0
pair_009,209,0,0
pair_009,210,0,0
pair_009,211,0,0
pair_009,212,0,0
pair_009,213,0,0
pair_009,214,0,0
pair_009,215,0,0
pair_009,216,0,0
pair_009,217,0,0
pair_009,218,0,0
pair_009,219,0,0
pair_009,220,0,0
pair_009,221,0,0
pair_009,222,0,0
pair_009,223,0,0
pair_009,224,0,0
pair_009,225,9,8883
pair_009,226,39,37815
pair_009,227,0,0
pair_009,228,0,0
pair_009,229,0,0
pair_009,230,0,0
pair_009,231,0,0
pair_009,232,0,0
pair_009,233,0,0
pair_009,234,0,0
pair_009,235,0,0
pair_009,236,0,0
pair_009,237,0,0
pair_009,238,0,0
pair_009,239,0,0
pair_009,240,0,0
pair_009,241,0,0
pair_009,242,0,0
pair_009,243,0,0
pair_009,244,0,0
pair_009,245,36,35532
pair_009,246,12,11166
pair_009,247,0,0
pair_009,248,0,0
pair_009,249,0,0
pair_009,250,0,0
pair_009,251,0,0
pair_009,252,0,0
pair_009,253,18,17766
pair_009,254,18,17766
pair_009,255,12,11166
pair_009,256,0,0
pair_009,257,0,0
pair_009,258,0,0
pair_009,259,0,0
pair_009,260,0,0
pair_009,261,0,0
pair_009,262,0,0
pair_009,263,0,0
pair_009,264,0,0
pair_009,265,0,0
pair_009,266,0,0
pair_009,267,46,44502
pair_009,268,2,2196
pair_009,269,0,0
pair_009,270,0,0
pair_009,271,0,0
pair_009,272,0,0
pair_009,273,0,0
pair_009,274,0,0
pair_009,275,0,0
pair_009,276,36,35532
pair_009,277,0,0
pair_009,278,0,0
pair_009,279,0,0
pair_009,280,0,0
pair_009,281,0,0
pair_009,282,0,0
pair_009,283,0,0
pair_009,284,0,0
pair_009,285,0,0
pair_009,286,0,0
pair_009,287,0,0
pair_009,288,36,35532
pair_009,289,0,0
pair_009,290,0,0
pair_009,291,0,0
pair_009,292,0,0
pair_009,293,0,0
pair_009,294,0,0
pair_009,295,0,0
pair_009,296,0,0
pair_009,297,0,0
pair_009,298,0,0
pair_009,299,0,0
pair_009,300,9,8883
pair_009,301,27,26649
pair_009,302,0,0
pair_009,303,0,0
pair_009,304,0,0
pair_009,305,0,0
pair_009,306,0,0
pair_009,307,0,0
pair_009,308,0,0
pair_009,309,0,0
pair_009,310,0,0
pair_009,311,0,0
pair_009,312,0,0
pair_009,313,0,0
pair_009,314,0,0
pair_009,315,0,0
pair_009,316,0,0
pair_009,317,0,0
pair_009,318,0,0
pair_009,319,72,71064
pair_009,320,0,0
pair_009,321,0,0
pair_009,322,0,0
pair_009,323,0,0
pair_009,324,0,0
pair_009,325,0,0
pair_009,326,0,0
pair_009,327,0,0
pair_009,328,36,35532
pair_009,329,0,0
pair_009,330,0,0
pair_009,331,36,35532
pair_009,332,0,0
pair_009,333,0,0
pair_009,334,0,0
pair_009,335,36,35532
pair_009,336,0,0
pair_009,337,0,0
pair_009,338,0,0
pair_009,339,0,0
pair_009,340,36,35532
pair_009,341,0,0
pair_009,342,0,0
pair_009,343,0,0
pair_009,344,0,0
pair_009,345,0,0
pair_009,346,36,35532
pair_009,347,0,0
pair_009,348,39,37815
pair_009,349,0,0
pair_009,350,0,0
pair_009,351,0,0
pair_009,352,18,17766
pair_009,353,57,55581
pair_009,354,0,0
pair_009,355,0,0
pair_009,356,36,35532
pair_009,357,0,0
pair_009,358,0,0
pair_009,359,36,35532
pair_009,360,0,0
pair_009,361,9,8883
pair_009,362,9,8883
pair_009,363,18,17766
pair_009,364,0,0
pair_009,365,48,46698
pair_009,366,0,0
pair_009,367,12,11166
pair_009,368,50,48898
pair_010,0,692,676177
pair_010,1,1023,1051283
pair_011,0,3,268
pair_011,1,0,0
pair_011,2,38,20904
pair_011,3,55,37450
pair_011,4,21,23058
pair_011,5,31,18054
pair_011,6,12,13176
pair_011,7,46,32518
pair_011,8,8,792
pair_011,9,45,39556
pair_011,10,65,53628
pair_011,11,86,74664
pair_011,12,76,63676
pair_011,13,130,117454
pair_011,14,132,121472
pair_011,15,116,101866
pair_011,16,148,135132
pair_011,17,187,178362
pair_011,18,180,176606
pair_011,19,133,122330
pair_011,20,139,106604
pair_011,21,28,24702
pair_012,0,54,47447
pair_012,1,119,113765
pair_012,2,62,60064
pair_012,3,64,62264
pair_012,4,88,86630
pair_012,5,20,17948
pair_012,6,125,126297
pair_012,7,111,114981
pair_012,8,121,123947
pair_012,9,75,77415
pair_012,10,87,88613
pair_012,11,77,79583
pair_012,12,147,150513
pair_012,13,88,90698
pair_012,14,59,59815
pair_012,15,105,108381
pair_012,16,29,28849
pair_012,17,27,26649
pair_012,18,110,110830
pair_012,19,11,11083
pair_013,0,114,107345
pair_013,1,110,106916
pair_013,2,108,106596
pair_013,3,204,212196
pair_013,4,221,229879
pair_013,5,226,228260
pair_013,6,480,499524
pair_014,0,56,47767
pair_014,1,99,95679
pair_014,2,45,42381
pair_014,3,48,46698
pair_014,4,105,98245
pair_014,5,47,42547
pair_014,6,75,73347
pair_014,7,9,8883
pair_014,8,123,114054
pair_014,9,7,6683
pair_014,10,25,24449
pair_014,11,46,44498
pair_014,12,8,2732
pair_014,13,83,80113
pair_014,14,0,0
pair_014,15,22,20148
pair_014,16,22,22150
pair_014,17,18,17766
pair_014,18,3,2283
pair_014,19,23,22249
pair_014,20,6,4566
pair_014,21,13,11249
pair_014,22,7,6683
pair_014,23,5,4483
pair_014,24,6,4566
pair_014,25,18,17766
pair_014,26,36,35532
pair_014,27,0,0
pair_014,28,25,22415
pair_014,29,17,15649
pair_014,30,43,42215
pair_014,31,3,2283
pair_014,32,18,15732
pair_014,33,5,4483
pair_014,34,14,13366
pair_014,35,3,2283
pair_014,36,10,8966
pair_014,37,7,6683
pair_014,38,0,0
pair_014,39,0,0
pair_014,40,3,2283
pair_014,41,52,51098
pair_014,42,8,6766
pair_014,43,0,0
pair_014,44,17,15649
pair_014,45,9,8883
pair_014,46,17,15649
pair_014,47,14,13366
pair_014,48,18,15732
pair_014,49,18,17766
pair_014,50,7,6683
pair_014,51,10,8966
pair_014,52,17,15649
pair_015,0,24,18515
pair_015,1,77,73667
pair_015,2,36,35532
pair_015,3,0,0
pair_015,4,39,37815
pair_015,5,0,0
pair_015,6,36,35532
pair_015,7,0,0
pair_015,8,54,53298
pair_015,9,0,0
pair_015,10,0,0
pair_015,11,0,0
pair_015,12,48,46698
pair_015,13,0,0
pair_015,14,27,26649
pair_015,15,0,0
pair_015,16,0,0
pair_015,17,28,26732
pair_015,18,9,8883
pair_015,19,27,26649
pair_015,20,0,0
pair_015,21,36,35532
pair_015,22,0,0
pair_015,23,10,8966
pair_015,24,12,11166
pair_015,25,36,35532
pair_015,26,17,15649
pair_015,27,0,0
pair_015,28,0,0
pair_015,29,0,0
pair_015,30,0,0
pair_015,31,37,35615
pair_015,32,6,4566
pair_015,33,36,35532
pair_015,34,0,0
pair_015,35,36,35532
pair_015,36,0,0
pair_015,37,6,4566
pair_015,38,0,0
pair_015,39,3,2283
pair_015,40,36,35532
pair_015,41,27,26649
pair_015,42,5,4483
pair_015,43,0,0
pair_015,44,0,0
pair_015,45,0,0
pair_015,46,14,13366
pair_015,47,5,4483
pair_015,48,0,0
pair_015,49,57,55581
pair_015,50,0,0
pair_015,51,36,35532
pair_015,52,0,0
pair_015,53,9,8883
pair_015,54,30,28932
pair_015,55,0,0
pair_015,56,63,62181
pair_015,57,0,0
pair_015,58,6,4566
pair_015,59,16,15566
pair_015,60,0,0
pair_015,61,39,37815
pair_015,62,0,0
pair_015,63,0,0
pair_015,64,0,0
pair_015,65,0,0
pair_015,66,0,0
pair_015,67,9,8883
pair_015,68,0,0
pair_015,69,0,0
pair_015,70,0,0
pair_015,71,9,8883
pair_015,72,27,26649
pair_015,73,12,11166
pair_015,74,36,35532
pair_015,75,0,0
pair_015,76,0,0
pair_015,77,0,0
pair_015,78,18,17766
pair_015,79,16,15566
pair_015,80,0,0
pair_015,81,42,40098
pair_015,82,9,8883
pair_015,83,32,29098
pair_015,84,39,37815
pair_015,85,0,0
pair_015,86,30,28932
pair_015,87,10,8966
pair_016,0,86,76699
pair_016,1,0,0
pair_016,2,0,0
pair_016,3,51,48981
pair_016,4,0,0
pair_016,5,0,0
pair_016,6,75,73347
pair_016,7,0,0
pair_016,8,0,0
pair_016,9,27,26649
pair_016,10,58,55664
pair_016,11,0,0
pair_016,12,12,11166
pair_016,13,56,53464
pair_016,14,46,44498
pair_016,15,0,0
pair_016,16,29,26815
pair_016,17,60,57864
pair_016,18,3,2283
pair_016,19,19,17849
pair_016,20,34,33332
pair_016,21,41,40015
pair_016,22,12,11166
pair_016,23,55,53381
pair_016,24,49,46781
pair_016,25,10,8966
pair_016,26,0,0
pair_016,27,72,71064
pair_016,28,16,13572
pair_016,29,29,30843
pair_016,30,45,44415
pair_016,31,34,33332
pair_016,32,0,0
pair_016,33,21,20049
pair_016,34,50,48898
pair_016,35,12,11166
pair_016,36,0,0
pair_016,37,66,64464
pair_016,38,8,6766
pair_016,39,0,0
pair_016,40,77,75547
pair_016,41,36,35532
pair_016,42,0,0
pair_016,43,28,26732
pair_016,44,36,35532
pair_016,45,0,0
pair_016,46,12,11166
pair_017,0,20,18086
pair_017,1,5,4483
pair_017,2,0,0
pair_017,3,0,0
pair_017,4,0,0
pair_017,5,0,0
pair_017,6,0,0
pair_017,7,12,11166
pair_017,8,18,17766
pair_017,9,0,0
pair_017,10,27,26649
pair_017,11,0,0
pair_017,12,0,0
pair_017,13,0,0
pair_017,14,0,0
pair_017,15,0,0
pair_017,16,8,6766
pair_017,17,27,26649
pair_017,18,0,0
pair_017,19,0,0
pair_017,20,0,0
pair_017,21,0,0
pair_017,22,0,0
pair_017,23,0,0
pair_017,24,5,4483
pair_017,25,27,26649
pair_017,26,12,11166
pair_017,27,18,17766
pair_017,28,0,0
pair_017,29,0,0
pair_017,30,0,0
pair_017,31,0,0
pair_017,32,0,0
pair_017,33,30,28932
pair_017,34,0,0
pair_017,35,0,0
pair_017,36,0,0
pair_017,37,14,13366
pair_017,38,0,0
pair_017,39,0,0
pair_017,40,0,0
pair_017,41,1,95
pair_017,42,22,22154
pair_017,43,5,4483
pair_017,44,0,0
pair_017,45,0,0
pair_017,46,0,0
pair_017,47,0,0
pair_017,48,0,0
pair_017,49,14,13366
pair_017,50,0,0
pair_017,51,14,13366
pair_017,52,7,6683
pair_017,53,0,0
pair_017,54,5,4483
pair_017,55,0,0
pair_017,56,0,0
pair_017,57,0,0
pair_017,58,0,0
pair_017,59,0,0
pair_017,60,0,0
pair_017,61,0,0
pair_017,62,28,26732
pair_017,63,7,6683
pair_017,64,0,0
pair_017,65,0,0
pair_017,66,5,4483
pair_017,67,0,0
pair_017,68,0,0
pair_017,69,0,0
pair_017,70,0,0
pair_017,71,0,0
pair_017,72,0,0
pair_017,73,0,0
pair_017,74,53,51181
pair_017,75,0,0
pair_017,76,14,13366
pair_017,77,0,0
pair_017,78,3,2283
pair_017,79,0,0
pair_017,80,0,0
pair_017,81,0,0
pair_017,82,32,31132
pair_017,83,0,0
pair_017,84,0,0
pair_017,85,0,0
pair_017,86,0,0
pair_017,87,7,6683
pair_017,88,0,0
pair_017,89,0,0
pair_017,90,12,11166
pair_017,91,35,33415
pair_017,92,0,0
pair_017,93,0,0
pair_017,94,0,0
pair_017,95,0,0
pair_017,96,0,0
pair_017,97,0,0
pair_017,98,12,11166
pair_017,99,0,0
pair_017,100,0,0
pair_017,101,39,37815
pair_017,102,0,0
pair_017,103,0,0
pair_017,104,0,0
pair_017,105,0,0
pair_017,106,10,8966
pair_017,107,0,0
pair_017,108,0,0
pair_017,109,0,0
pair_017,110,0,0
pair_017,111,33,31215
pair_017,112,0,0
pair_017,113,0,0
pair_017,114,5,4483
pair_017,115,0,0
pair_017,116,7,6683
pair_017,117,0,0
pair_017,118,0,0
pair_017,119,0,0
pair_017,120,0,0
pair_017,121,0,0
pair_017,122,35,33415
pair_017,123,3,2283
pair_017,124,0,0
pair_017,125,0,0
pair_017,126,7,6683
pair_017,127,0,0
pair_017,128,0,0
pair_017,129,0,0
pair_017,130,0,0
pair_017,131,5,4483
pair_017,132,0,0
pair_017,133,0,0
pair_017,134,0,0
pair_017,135,33,31215
pair_017,136,0,0
pair_017,137,0,0
pair_017,138,7,6683
pair_017,139,0,0
pair_017,140,0,0
pair_017,141,5,4483
pair_017,142,0,0
pair_017,143,0,0
pair_017,144,0,0
pair_017,145,0,0
pair_017,146,0,0
pair_017,147,0,0
pair_017,148,3,2283
pair_017,149,30,28932
pair_017,150,0,0
pair_017,151,12,11166
pair_017,152,0,0
pair_017,153,0,0
pair_017,154,0,0
pair_017,155,0,0
pair_017,156,0,0
pair_017,157,0,0
pair_017,158,0,0
pair_017,159,0,0
pair_017,160,0,0
pair_017,161,0,0
pair_017,162,0,0
pair_017,163,16,15566
pair_017,164,21,20049
pair_017,165,7,6683
pair_017,166,0,0
pair_017,167,0,0
pair_017,168,0,0
pair_017,169,0,0
pair_017,170,0,0
pair_017,171,12,11166
pair_017,172,21,20049
pair_017,173,0,0
pair_017,174,0,0
pair_017,175,0,0
pair_017,176,5,4483
pair_017,177,0,0
pair_017,178,0,0
pair_017,179,0,0
pair_017,180,28,26732
pair_017,181,12,11166
pair_017,182,0,0
pair_017,183,0,0
pair_017,184,0,0
pair_017,185,0,0
pair_017,186,0,0
pair_017,187,1,95
pair_017,188,6,6588
pair_017,189,0,0
pair_017,190,26,24532
pair_017,191,12,11166
pair_017,192,0,0
pair_017,193,0,0
pair_017,194,0,0
pair_017,195,0,0
pair_017,196,7,6683
pair_017,197,0,0
pair_017,198,0,0
pair_017,199,0,0
pair_017,200,0,0
pair_017,201,30,28932
pair_017,202,3,2283
pair_017,203,0,0
pair_017,204,0,0
pair_017,205,5,4483
pair_017,206,7,6683
pair_017,207,0,0
pair_017,208,0,0
pair_017,209,0,0
pair_017,210,0,0
pair_017,211,0,0
pair_017,212,0,0
pair_017,213,35,33415
pair_017,214,3,2283
pair_017,215,0,0
pair_017,216,0,0
pair_017,217,7,6683
pair_017,218,0,0
pair_017,219,0,0
pair_017,220,0,0
pair_017,221,0,0
pair_017,222,5,4483
pair_017,223,0,0
pair_017,224,0,0
pair_017,225,0,0
pair_017,226,33,31215
pair_017,227,0,0
pair_017,228,0,0
pair_017,229,7,6683
pair_017,230,0,0
pair_017,231,0,0
pair_017,232,5,4483
pair_017,233,0,0
pair_017,234,0,0
pair_017,235,0,0
pair_017,236,0,0
pair_017,237,0,0
pair_017,238,0,0
pair_017,239,0,0
pair_017,240,33,31215
pair_017,241,0,0
pair_017,242,7,6683
pair_017,243,5,4483
pair_017,244,0,0
pair_017,245,0,0
pair_017,246,0,0
pair_017,247,0,0
pair_017,248,0,0
pair_017,249,0,0
pair_017,250,0,0
pair_017,251,0,0
pair_017,252,0,0
pair_017,253,0,0
pair_017,254,0,0
pair_017,255,37,35615
pair_017,256,7,6683
pair_017,257,0,0
pair_017,258,0,0
pair_017,259,0,0
pair_017,260,0,0
pair_017,261,0,0
pair_017,262,0,0
pair_017,263,33,31215
pair_017,264,0,0
pair_017,265,0,0
pair_017,266,0,0
pair_017,267,5,4483
pair_017,268,0,0
pair_017,269,0,0
pair_017,270,0,0
pair_017,271,10,8966
pair_017,272,30,28932
pair_017,273,0,0
pair_017,274,0,0
pair_017,275,0,0
pair_017,276,0,0
pair_017,277,0,0
pair_017,278,0,0
pair_017,279,7,6683
pair_017,280,0,0
pair_017,281,8,6766
pair_017,282,30,28932
pair_018,0,42,36281
pair_018,1,105,100415
pair_018,2,90,86780
pair_018,3,36,35532
pair_018,4,45,44415
pair_018,5,41,40015
pair_018,6,36,35532
pair_018,7,76,73430
pair_018,8,36,35532
pair_018,9,28,26732
pair_018,10,125,124279
pair_018,11,68,68698
pair_018,12,26,26566
pair_018,13,22,22166
pair_018,14,24,24366
pair_018,15,58,59732
pair_018,16,51,53049
pair_018,17,41,42049
pair_018,18,82,84098
pair_018,19,0,0
pair_018,20,44,44332
pair_018,21,43,42215
pair_018,22,36,35532
pair_018,23,21,20049
pair_018,24,15,13449
pair_018,25,31,29015
pair_018,26,5,4483
pair_019,0,42,36281
pair_019,1,115,109381
pair_019,2,115,111229
pair_019,3,42,40098
pair_019,4,62,60064
pair_019,5,33,31215
pair_019,6,53,51181
pair_019,7,27,24615
pair_019,8,24,22332
pair_019,9,47,44581
pair_019,10,43,42215
pair_019,11,21,20049
pair_019,12,28,26732
pair_019,13,50,46864
pair_019,14,10,8966
pair_019,15,38,35698
pair_019,16,36,35532
pair_019,17,3,2283
pair_019,18,30,28932
pair_019,19,55,53381
pair_019,20,3,2283
pair_019,21,10,8966
pair_019,22,71,68947
pair_019,23,15,13449
pair_019,24,3,2283
pair_019,25,29,26815
pair_019,26,0,0
pair_019,27,25,24449
pair_019,28,5,4483
pair_019,29,55,53381
pair_019,30,3,2283
pair_019,31,19,17849
pair_019,32,5,4483
pair_019,33,38,35698
pair_019,34,3,2283
pair_019,35,8,6766
pair_019,36,39,37815
pair_020,0,96,89579
pair_020,1,167,162497
pair_020,2,216,213192
pair_020,3,302,313894
pair_020,4,364,369090
pair_020,5,39,39849
